Workbook

Sheet Start Here
A1: Subscription Auditor
A3: What this does:
A4: List everything you pay for on repeat. The Dashboard shows what it costs per month and per year, what renews soon, and how much you could save by cutting what you barely use.
A6: How to use it (10 minutes, once):
A7: 1. Go through your bank and card statements for the last 3 months and add each recurring charge on the Subscriptions sheet.
A8: 2. Enter the cost per charge, pick the billing cycle, and enter the next renewal date.
A9: 3. Pick how often you really use it. Be honest.
A10: 4. Mark each one Keep, Review or Cancel. Keep means you have decided to keep it, so it is left out of the savings figure.
A11: 5. Check the Flag column and the Dashboard.
A13: Good to know:
A14: - Flags: Renews soon (14 days or less), Low use - review (Rarely or Never used), Update renewal date (the date has passed), Cancelling.
A15: - Potential savings = yearly cost of everything marked Cancel, plus everything used Rarely or Never that you have not marked Keep.
... A23: Grey cells are formulas. Leave them alone.

Sheet Dashboard
A1: Dashboard
A3: Active subscriptions | B3: =COUNTA(Subscriptions!$A$2:$A$201)
A4: Total per month | B4: =SUM(Subscriptions!$H$2:$H$201)
A5: Total per year | B5: =SUM(Subscriptions!$I$2:$I$201)
A6: Renewing in the next 30 days (count) | B6: =COUNTIFS(Subscriptions!$J$2:$J$201,">=0",Subscriptions!$J$2:$J$201,"<=30")
A7: Renewing in the next 30 days (amount) | B7: =SUMIFS(Subscriptions!$C$2:$C$201,Subscriptions!$J$2:$J$201,">=0",Subscriptions!$J$2:$J$201,"<=30")
A8: Potential yearly savings | B8: =SUMIFS(Subscriptions!$I$2:$I$201,Subscriptions!$G$2:$G$201,"Cancel")+SUMIFS(Subscriptions!$I$2:$I$201,Subscriptions!$F$2:$F$201,"Never",Subscriptions!$G$2:$G$201,"<>Cancel",Subscriptions!$G$2:$G$201,"<>Keep")+SUMIFS(Subscriptions!$I$2:$I$201,Subscriptions!$F$2:$F$201,"Rarely",Subscriptions!$G$2:$G$201,"<>Cancel",Subscriptions!$G$2:$G$201,"<>Keep")
A11: Category | B11: Per month | C11: Per year
A12: =Lists!D4 | B12: =SUMIFS(Subscriptions!$H$2:$H$201,Subscriptions!$B$2:$B$201,A12) | C12: =SUMIFS(Subscriptions!$I$2:$I$201,Subscriptions!$B$2:$B$201,A12)
A13: =Lists!D5 | B13: =SUMIFS(Subscriptions!$H$2:$H$201,Subscriptions!$B$2:$B$201,A13) | C13: =SUMIFS(Subscriptions!$I$2:$I$201,Subscriptions!$B$2:$B$201,A13)
A14: =Lists!D6 | B14: =SUMIFS(Subscriptions!$H$2:$H$201,Subscriptions!$B$2:$B$201,A14) | C14: =SUMIFS(Subscriptions!$I$2:$I$201,Subscriptions!$B$2:$B$201,A14)
A15: =Lists!D7 | B15: =SUMIFS(Subscriptions!$H$2:$H$201,Subscriptions!$B$2:$B$201,A15) | C15: =SUMIFS(Subscriptions!$I$2:$I$201,Subscriptions!$B$2:$B$201,A15)
A16: =Lists!D8 | B16: =SUMIFS(Subscriptions!$H$2:$H$201,Subscriptions!$B$2:$B$201,A16) | C16: =SUMIFS(Subscriptions!$I$2:$I$201,Subscriptions!$B$2:$B$201,A16)
A17: =Lists!D9 | B17: =SUMIFS(Subscriptions!$H$2:$H$201,Subscriptions!$B$2:$B$201,A17) | C17: =SUMIFS(Subscriptions!$I$2:$I$201,Subscriptions!$B$2:$B$201,A17)
A18: =Lists!D10 | B18: =SUMIFS(Subscriptions!$H$2:$H$201,Subscriptions!$B$2:$B$201,A18) | C18: =SUMIFS(Subscriptions!$I$2:$I$201,Subscriptions!$B$2:$B$201,A18)
A19: =Lists!D11 | B19: =SUMIFS(Subscriptions!$H$2:$H$201,Subscriptions!$B$2:$B$201,A19) | C19: =SUMIFS(Subscriptions!$I$2:$I$201,Subscriptions!$B$2:$B$201,A19)
A20: =Lists!D12 | B20: =SUMIFS(Subscriptions!$H$2:$H$201,Subscriptions!$B$2:$B$201,A20) | C20: =SUMIFS(Subscriptions!$I$2:$I$201,Subscriptions!$B$2:$B$201,A20)
A21: =Lists!D13 | B21: =SUMIFS(Subscriptions!$H$2:$H$201,Subscriptions!$B$2:$B$201,A21) | C21: =SUMIFS(Subscriptions!$I$2:$I$201,Subscriptions!$B$2:$B$201,A21)

Sheet Subscriptions
A1: Service | B1: Category | C1: Cost per charge | D1: Billing cycle | E1: Next renewal | F1: How often used | G1: Decision | H1: Monthly cost | I1: Yearly cost | J1: Days to renewal | K1: Flag
A2: StreamFlix | B2: Entertainment | C2: 15.49 | D2: Monthly | E2: =TODAY()+5 | F2: Weekly | G2: Keep | H2: =IF(OR(C2="",D2=""),"",C2*VLOOKUP(D2,Lists!$A$4:$B$9,2,FALSE)) | I2: =IF(H2="","",H2*12) | J2: =IF(E2="","",E2-TODAY()) | K2: =IF(A2="","",IF(G2="Cancel","Cancelling",IF(AND(J2<>"",J2<0),"Update renewal date",IF(OR(F2="Rarely",F2="Never"),"Low use - review",IF(AND(J2<>"",J2<=14),"Renews soon","")))))
A3: Cloud storage 2TB | B3: Cloud & storage | C3: 99.99 | D3: Yearly | E3: =TODAY()+120 | F3: Daily | G3: Keep | H3: =IF(OR(C3="",D3=""),"",C3*VLOOKUP(D3,Lists!$A$4:$B$9,2,FALSE)) | I3: =IF(H3="","",H3*12) | J3: =IF(E3="","",E3-TODAY()) | K3: =IF(A3="","",IF(G3="Cancel","Cancelling",IF(AND(J3<>"",J3<0),"Update renewal date",IF(OR(F3="Rarely",F3="Never"),"Low use - review",IF(AND(J3<>"",J3<=14),"Renews soon","")))))
A4: Gym membership | B4: Health & fitness | C4: 39 | D4: Monthly | E4: =TODAY()+20 | F4: Rarely | H4: =IF(OR(C4="",D4=""),"",C4*VLOOKUP(D4,Lists!$A$4:$B$9,2,FALSE)) | I4: =IF(H4="","",H4*12) | J4: =IF(E4="","",E4-TODAY()) | K4: =IF(A4="","",IF(G4="Cancel","Cancelling",IF(AND(J4<>"",J4<0),"Update renewal date",IF(OR(F4="Rarely",F4="Never"),"Low use - review",IF(AND(J4<>"",J4<=14),"Renews soon","")))))
A5: Language app | B5: Education | C5: 12.99 | D5: Monthly | E5: =TODAY()+11 | F5: Never | G5: Cancel | H5: =IF(OR(C5="",D5=""),"",C5*VLOOKUP(D5,Lists!$A$4:$B$9,2,FALSE)) | I5: =IF(H5="","",H5*12) | J5: =IF(E5="","",E5-TODAY()) | K5: =IF(A5="","",IF(G5="Cancel","Cancelling",IF(AND(J5<>"",J5<0),"Update renewal date",IF(OR(F5="Rarely",F5="Never"),"Low use - review",IF(AND(J5<>"",J5<=14),"Renews soon","")))))
A6: News site | B6: News & media | C6: 8 | D6: Monthly | E6: =TODAY()-3 | F6: Monthly | H6: =IF(OR(C6="",D6=""),"",C6*VLOOKUP(D6,Lists!$A$4:$B$9,2,FALSE)) | I6: =IF(H6="","",H6*12) | J6: =IF(E6="","",E6-TODAY()) | K6: =IF(A6="","",IF(G6="Cancel","Cancelling",IF(AND(J6<>"",J6<0),"Update renewal date",IF(OR(F6="Rarely",F6="Never"),"Low use - review",IF(AND(J6<>"",J6<=14),"Renews soon","")))))
A7: Design software | B7: Software | C7: 54.99 | D7: Monthly | E7: =TODAY()+26 | F7: Daily | G7: Keep | H7: =IF(OR(C7="",D7=""),"",C7*VLOOKUP(D7,Lists!$A$4:$B$9,2,FALSE)) | I7: =IF(H7="","",H7*12) | J7: =IF(E7="","",E7-TODAY()) | K7: =IF(A7="","",IF(G7="Cancel","Cancelling",IF(AND(J7<>"",J7<0),"Update renewal date",IF(OR(F7="Rarely",F7="Never"),"Low use - review",IF(AND(J7<>"",J7<=14),"Renews soon","")))))
H8: =IF(OR(C8="",D8=""),"",C8*VLOOKUP(D8,Lists!$A$4:$B$9,2,FALSE)) | I8: =IF(H8="","",H8*12) | J8: =IF(E8="","",E8-TODAY()) | K8: =IF(A8="","",IF(G8="Cancel","Cancelling",IF(AND(J8<>"",J8<0),"Update renewal date",IF(OR(F8="Rarely",F8="Never"),"Low use - review",IF(AND(J8<>"",J8<=14),"Renews soon","")))))
H9: =IF(OR(C9="",D9=""),"",C9*VLOOKUP(D9,Lists!$A$4:$B$9,2,FALSE)) | I9: =IF(H9="","",H9*12) | J9: =IF(E9="","",E9-TODAY()) | K9: =IF(A9="","",IF(G9="Cancel","Cancelling",IF(AND(J9<>"",J9<0),"Update renewal date",IF(OR(F9="Rarely",F9="Never"),"Low use - review",IF(AND(J9<>"",J9<=14),"Renews soon","")))))
H10: =IF(OR(C10="",D10=""),"",C10*VLOOKUP(D10,Lists!$A$4:$B$9,2,FALSE)) | I10: =IF(H10="","",H10*12) | J10: =IF(E10="","",E10-TODAY()) | K10: =IF(A10="","",IF(G10="Cancel","Cancelling",IF(AND(J10<>"",J10<0),"Update renewal date",IF(OR(F10="Rarely",F10="Never"),"Low use - review",IF(AND(J10<>"",J10<=14),"Renews soon","")))))
H11: =IF(OR(C11="",D11=""),"",C11*VLOOKUP(D11,Lists!$A$4:$B$9,2,FALSE)) | I11: =IF(H11="","",H11*12) | J11: =IF(E11="","",E11-TODAY()) | K11: =IF(A11="","",IF(G11="Cancel","Cancelling",IF(AND(J11<>"",J11<0),"Update renewal date",IF(OR(F11="Rarely",F11="Never"),"Low use - review",IF(AND(J11<>"",J11<=14),"Renews soon","")))))
H12: =IF(OR(C12="",D12=""),"",C12*VLOOKUP(D12,Lists!$A$4:$B$9,2,FALSE)) | I12: =IF(H12="","",H12*12) | J12: =IF(E12="","",E12-TODAY()) | K12: =IF(A12="","",IF(G12="Cancel","Cancelling",IF(AND(J12<>"",J12<0),"Update renewal date",IF(OR(F12="Rarely",F12="Never"),"Low use - review",IF(AND(J12<>"",J12<=14),"Renews soon","")))))
H13: =IF(OR(C13="",D13=""),"",C13*VLOOKUP(D13,Lists!$A$4:$B$9,2,FALSE)) | I13: =IF(H13="","",H13*12) | J13: =IF(E13="","",E13-TODAY()) | K13: =IF(A13="","",IF(G13="Cancel","Cancelling",IF(AND(J13<>"",J13<0),"Update renewal date",IF(OR(F13="Rarely",F13="Never"),"Low use - review",IF(AND(J13<>"",J13<=14),"Renews soon","")))))
H14: =IF(OR(C14="",D14=""),"",C14*VLOOKUP(D14,Lists!$A$4:$B$9,2,FALSE)) | I14: =IF(H14="","",H14*12) | J14: =IF(E14="","",E14-TODAY()) | K14: =IF(A14="","",IF(G14="Cancel","Cancelling",IF(AND(J14<>"",J14<0),"Update renewal date",IF(OR(F14="Rarely",F14="Never"),"Low use - review",IF(AND(J14<>"",J14<=14),"Renews soon","")))))
H15: =IF(OR(C15="",D15=""),"",C15*VLOOKUP(D15,Lists!$A$4:$B$9,2,FALSE)) | I15: =IF(H15="","",H15*12) | J15: =IF(E15="","",E15-TODAY()) | K15: =IF(A15="","",IF(G15="Cancel","Cancelling",IF(AND(J15<>"",J15<0),"Update renewal date",IF(OR(F15="Rarely",F15="Never"),"Low use - review",IF(AND(J15<>"",J15<=14),"Renews soon","")))))
H16: =IF(OR(C16="",D16=""),"",C16*VLOOKUP(D16,Lists!$A$4:$B$9,2,FALSE)) | I16: =IF(H16="","",H16*12) | J16: =IF(E16="","",E16-TODAY()) | K16: =IF(A16="","",IF(G16="Cancel","Cancelling",IF(AND(J16<>"",J16<0),"Update renewal date",IF(OR(F16="Rarely",F16="Never"),"Low use - review",IF(AND(J16<>"",J16<=14),"Renews soon","")))))
H17: =IF(OR(C17="",D17=""),"",C17*VLOOKUP(D17,Lists!$A$4:$B$9,2,FALSE)) | I17: =IF(H17="","",H17*12) | J17: =IF(E17="","",E17-TODAY()) | K17: =IF(A17="","",IF(G17="Cancel","Cancelling",IF(AND(J17<>"",J17<0),"Update renewal date",IF(OR(F17="Rarely",F17="Never"),"Low use - review",IF(AND(J17<>"",J17<=14),"Renews soon","")))))
H18: =IF(OR(C18="",D18=""),"",C18*VLOOKUP(D18,Lists!$A$4:$B$9,2,FALSE)) | I18: =IF(H18="","",H18*12) | J18: =IF(E18="","",E18-TODAY()) | K18: =IF(A18="","",IF(G18="Cancel","Cancelling",IF(AND(J18<>"",J18<0),"Update renewal date",IF(OR(F18="Rarely",F18="Never"),"Low use - review",IF(AND(J18<>"",J18<=14),"Renews soon","")))))
H19: =IF(OR(C19="",D19=""),"",C19*VLOOKUP(D19,Lists!$A$4:$B$9,2,FALSE)) | I19: =IF(H19="","",H19*12) | J19: =IF(E19="","",E19-TODAY()) | K19: =IF(A19="","",IF(G19="Cancel","Cancelling",IF(AND(J19<>"",J19<0),"Update renewal date",IF(OR(F19="Rarely",F19="Never"),"Low use - review",IF(AND(J19<>"",J19<=14),"Renews soon","")))))
... H201: =IF(OR(C201="",D201=""),"",C201*VLOOKUP(D201,Lists!$A$4:$B$9,2,FALSE)) | I201: =IF(H201="","",H201*12) | J201: =IF(E201="","",E201-TODAY()) | K201: =IF(A201="","",IF(G201="Cancel","Cancelling",IF(AND(J201<>"",J201<0),"Update renewal date",IF(OR(F201="Rarely",F201="Never"),"Low use - review",IF(AND(J201<>"",J201<=14),"Renews soon","")))))

Sheet Lists
A1: Lists
A3: Billing cycle | B3: Months factor | D3: Categories | E3: Usage
A4: Weekly | B4: =52/12 | D4: Entertainment | E4: Daily
A5: Every 2 weeks | B5: =26/12 | D5: Software | E5: Weekly
A6: Monthly | B6: 1 | D6: News & media | E6: Monthly
A7: Quarterly | B7: =1/3 | D7: Health & fitness | E7: Rarely
A8: Every 6 months | B8: =1/6 | D8: Cloud & storage | E8: Never
A9: Yearly | B9: =1/12 | D9: Education
D10: Finance
D11: Home & utilities
D12: Other
D13: Custom
